-- phpMyAdmin SQL Dump
-- version 3.3.9
-- http://www.phpmyadmin.net
--
-- Host: localhost
-- Generation Time: Sep 02, 2020 at 11:17 AM
-- Server version: 5.5.8
-- PHP Version: 5.3.5

SET SQL_MODE="NO_AUTO_VALUE_ON_ZERO";


/*!40101 SET @OLD_CHARACTER_SET_CLIENT=@@CHARACTER_SET_CLIENT */;
/*!40101 SET @OLD_CHARACTER_SET_RESULTS=@@CHARACTER_SET_RESULTS */;
/*!40101 SET @OLD_COLLATION_CONNECTION=@@COLLATION_CONNECTION */;
/*!40101 SET NAMES utf8 */;

--
-- Database: `fpc`
--

-- --------------------------------------------------------

--
-- Table structure for table `admin`
--

CREATE TABLE IF NOT EXISTS `admin` (
  `id` int(2) NOT NULL AUTO_INCREMENT,
  `username` varchar(50) NOT NULL,
  `password` text NOT NULL,
  PRIMARY KEY (`id`)
) ENGINE=InnoDB  DEFAULT CHARSET=latin1 AUTO_INCREMENT=2 ;

--
-- Dumping data for table `admin`
--

INSERT INTO `admin` (`id`, `username`, `password`) VALUES
(1, 'admin', '21232f297a57a5a743894a0e4a801fc3');

-- --------------------------------------------------------

--
-- Table structure for table `assignclass`
--

CREATE TABLE IF NOT EXISTS `assignclass` (
  `asid` int(3) NOT NULL AUTO_INCREMENT,
  `facultyname` varchar(20) NOT NULL,
  `faculty_no` int(10) NOT NULL,
  `sem` int(2) NOT NULL,
  `year` int(6) NOT NULL,
  `dname` varchar(20) NOT NULL,
  PRIMARY KEY (`asid`)
) ENGINE=InnoDB  DEFAULT CHARSET=latin1 AUTO_INCREMENT=4 ;

--
-- Dumping data for table `assignclass`
--

INSERT INTO `assignclass` (`asid`, `facultyname`, `faculty_no`, `sem`, `year`, `dname`) VALUES
(1, 'HARDIK PARMAR', 702, 6, 2019, 'COMPUTER ENGINEERING'),
(3, 'VIPUL KANIA', 703, 4, 2019, 'COMPUTER ENGINEERING');

-- --------------------------------------------------------

--
-- Table structure for table `asssubject`
--

CREATE TABLE IF NOT EXISTS `asssubject` (
  `asid` int(3) NOT NULL AUTO_INCREMENT,
  `subname` varchar(150) NOT NULL,
  `subcode` int(10) NOT NULL,
  `sem` int(2) NOT NULL,
  `dname` varchar(30) NOT NULL,
  `facultyname1` varchar(30) NOT NULL,
  `faculty_no1` int(10) NOT NULL,
  `facultyname2` varchar(30) NOT NULL,
  `faculty_no2` int(10) NOT NULL,
  `year` int(10) NOT NULL,
  PRIMARY KEY (`asid`)
) ENGINE=InnoDB  DEFAULT CHARSET=latin1 AUTO_INCREMENT=12 ;

--
-- Dumping data for table `asssubject`
--

INSERT INTO `asssubject` (`asid`, `subname`, `subcode`, `sem`, `dname`, `facultyname1`, `faculty_no1`, `facultyname2`, `faculty_no2`, `year`) VALUES
(2, 'ADVANCED JAVA PROGRAMMING', 3360701, 6, 'COMPUTER ENGINEERING', 'JITENDRA CHAUHAN', 704, 'HARDIK PARMAR', 702, 2019),
(3, 'MOBILE COMPUTING AND APPLICATION DEVELOPMENT', 3360702, 6, 'COMPUTER ENGINEERING', 'VISHVENDU BHATT', 701, 'SHIVANI PATEL', 705, 2019),
(4, 'NETWORK MANAGEMENT AND ADMINISTRATION', 3360703, 6, 'COMPUTER ENGINEERING', 'VIPUL KANIA', 703, 'NIRAV PATEL', 706, 2019),
(6, '.NET PROGRAMMING', 3340701, 4, 'COMPUTER ENGINEERING', 'HARDIK PARMAR', 702, 'Optional', 0, 2019),
(7, 'ADVANCED DATABASE MANAGEMENT SYSTEM', 3340702, 4, 'COMPUTER ENGINEERING', 'VIPUL KANIA', 703, 'Optional', 0, 2019),
(8, 'FUNDAMENTALS OF SOFTWARE DEVELOPMENT', 3340703, 4, 'COMPUTER ENGINEERING', 'NIRAV PATEL', 706, 'SHIVANI PATEL', 705, 2019),
(9, 'COMPUTER ORGANIZATION AND  ARCHITECTURE ', 3340704, 4, 'COMPUTER ENGINEERING', 'JITENDRA CHAUHAN', 704, 'SHIVANI PATEL', 705, 2019),
(10, 'COMPUTER NETWORKS', 3340705, 4, 'COMPUTER ENGINEERING', 'VISHVENDU BHATT', 701, 'SHIVANI PATEL', 705, 2019),
(11, 'PROFESSIONAL PRACTICE WITH DATABASE', 3360706, 6, 'COMPUTER ENGINEERING', 'JITENDRA CHAUHAN', 704, 'SHIVANI PATEL', 705, 2019);

-- --------------------------------------------------------

--
-- Table structure for table `attedence`
--

CREATE TABLE IF NOT EXISTS `attedence` (
  `atid` int(3) NOT NULL AUTO_INCREMENT,
  `erno` bigint(15) NOT NULL,
  `sname` varchar(20) NOT NULL,
  `dname` varchar(50) NOT NULL,
  `sem` int(2) NOT NULL,
  `year` int(4) NOT NULL,
  `subname` varchar(20) NOT NULL,
  `subcode` int(10) NOT NULL,
  `facultyname` varchar(20) NOT NULL,
  `faculty_no` int(10) NOT NULL,
  `date` date NOT NULL,
  `time_start` varchar(20) NOT NULL,
  `time_end` varchar(20) NOT NULL,
  `ap` varchar(10) NOT NULL,
  `type` varchar(20) NOT NULL,
  `batch` varchar(5) NOT NULL,
  PRIMARY KEY (`atid`)
) ENGINE=InnoDB  DEFAULT CHARSET=latin1 AUTO_INCREMENT=132 ;

--
-- Dumping data for table `attedence`
--

INSERT INTO `attedence` (`atid`, `erno`, `sname`, `dname`, `sem`, `year`, `subname`, `subcode`, `facultyname`, `faculty_no`, `date`, `time_start`, `time_end`, `ap`, `type`, `batch`) VALUES
(1, 176860307012, 'JAY FINAVA', 'COMPUTER ENGINEERING', 6, 2019, 'AJP', 3360701, 'HARDIK PARMAR', 702, '2020-03-16', '8:30', '10:30', 'PRESENT', 'LAB', ''),
(2, 176860307023, 'SAVBAN KAGZI', 'COMPUTER ENGINEERING', 6, 2019, 'AJP', 3360701, 'HARDIK PARMAR', 702, '2020-03-16', '8:30', '10:30', 'PRESENT', 'LAB', ''),
(3, 176860307025, 'JAYMIN KANIA', 'COMPUTER ENGINEERING', 6, 2019, 'AJP', 3360701, 'HARDIK PARMAR', 702, '2020-03-16', '8:30', '10:30', 'PRESENT', 'LAB', ''),
(4, 176860307026, 'KEVAL MISTRY', 'COMPUTER ENGINEERING', 6, 2019, 'PPD', 3360706, 'SHIVANI PATEL', 705, '2020-03-16', '8:30', '10:30', 'PRESENT', 'LAB', ''),
(5, 176860307029, 'KRUNAL KISHNADWALA', 'COMPUTER ENGINEERING', 6, 2019, 'PPD', 3360706, 'SHIVANI PATEL', 705, '2020-03-16', '8:30', '10:30', 'ABSENT', 'LAB', ''),
(6, 176860307012, 'JAY FINAVA', 'COMPUTER ENGINEERING', 6, 2019, 'MCAD', 3360702, 'VISHVENDU BHATT', 701, '2020-03-16', '10:40', '11:40', 'PRESENT', 'LECTURE', ''),
(7, 176860307023, 'SAVBAN KAGZI', 'COMPUTER ENGINEERING', 6, 2019, 'MCAD', 3360702, 'VISHVENDU BHATT', 701, '2020-03-16', '10:40', '11:40', 'PRESENT', 'LECTURE', ''),
(8, 176860307025, 'JAYMIN KANIA', 'COMPUTER ENGINEERING', 6, 2019, 'MCAD', 3360702, 'VISHVENDU BHATT', 701, '2020-03-16', '10:40', '11:40', 'PRESENT', 'LECTURE', ''),
(9, 176860307026, 'KEVAL MISTRY', 'COMPUTER ENGINEERING', 6, 2019, 'MCAD', 3360702, 'VISHVENDU BHATT', 701, '2020-03-16', '10:40', '11:40', 'PRESENT', 'LECTURE', ''),
(10, 176860307029, 'KRUNAL KISHNADWALA', 'COMPUTER ENGINEERING', 6, 2019, 'MCAD', 3360702, 'VISHVENDU BHATT', 701, '2020-03-16', '10:40', '11:40', 'ABSENT', 'LECTURE', ''),
(11, 176860307012, 'JAY FINAVA', 'COMPUTER ENGINEERING', 6, 2019, 'NMA', 3360703, 'NIRAV PATEL', 706, '2020-03-16', '11:40', '12:40', 'PRESENT', 'LECTURE', ''),
(12, 176860307023, 'SAVBAN KAGZI', 'COMPUTER ENGINEERING', 6, 2019, 'NMA', 3360703, 'NIRAV PATEL', 706, '2020-03-16', '11:40', '12:40', 'PRESENT', 'LECTURE', ''),
(13, 176860307025, 'JAYMIN KANIA', 'COMPUTER ENGINEERING', 6, 2019, 'NMA', 3360703, 'NIRAV PATEL', 706, '2020-03-16', '11:40', '12:40', 'PRESENT', 'LECTURE', ''),
(14, 176860307026, 'KEVAL MISTRY', 'COMPUTER ENGINEERING', 6, 2019, 'NMA', 3360703, 'NIRAV PATEL', 706, '2020-03-16', '11:40', '12:40', 'PRESENT', 'LECTURE', ''),
(15, 176860307029, 'KRUNAL KISHNADWALA', 'COMPUTER ENGINEERING', 6, 2019, 'NMA', 3360703, 'NIRAV PATEL', 706, '2020-03-16', '11:40', '12:40', 'ABSENT', 'LECTURE', ''),
(16, 176860307012, 'JAY FINAVA', 'COMPUTER ENGINEERING', 6, 2019, 'NMA', 3360703, 'NIRAV PATEL', 706, '2020-03-16', '1:10', '3:00', 'PRESENT', 'LAB', ''),
(17, 176860307023, 'SAVBAN KAGZI', 'COMPUTER ENGINEERING', 6, 2019, 'NMA', 3360703, 'NIRAV PATEL', 706, '2020-03-16', '1:10', '3:00', 'PRESENT', 'LAB', ''),
(18, 176860307025, 'JAYMIN KANIA', 'COMPUTER ENGINEERING', 6, 2019, 'NMA', 3360703, 'NIRAV PATEL', 706, '2020-03-16', '1:10', '3:00', 'ABSENT', 'LAB', ''),
(19, 176860307026, 'KEVAL MISTRY', 'COMPUTER ENGINEERING', 6, 2019, 'AJP', 3360701, 'JITENDRA CHAUHAN', 704, '2020-03-16', '1:10', '3:00', 'PRESENT', 'LAB', ''),
(20, 176860307029, 'KRUNAL KISHNADWALA', 'COMPUTER ENGINEERING', 6, 2019, 'AJP', 3360701, 'JITENDRA CHAUHAN', 704, '2020-03-16', '1:10', '3:00', 'ABSENT', 'LAB', ''),
(21, 176860307012, 'JAY FINAVA', 'COMPUTER ENGINEERING', 6, 2019, 'AJP', 3360701, 'JITENDRA CHAUHAN', 704, '2020-03-17', '8:30', '9:30', 'PRESENT', 'LECTURE', ''),
(22, 176860307023, 'SAVBAN KAGZI', 'COMPUTER ENGINEERING', 6, 2019, 'AJP', 3360701, 'JITENDRA CHAUHAN', 704, '2020-03-17', '8:30', '9:30', 'PRESENT', 'LECTURE', ''),
(23, 176860307025, 'JAYMIN KANIA', 'COMPUTER ENGINEERING', 6, 2019, 'AJP', 3360701, 'JITENDRA CHAUHAN', 704, '2020-03-17', '8:30', '9:30', 'ABSENT', 'LECTURE', ''),
(24, 176860307026, 'KEVAL MISTRY', 'COMPUTER ENGINEERING', 6, 2019, 'AJP', 3360701, 'JITENDRA CHAUHAN', 704, '2020-03-17', '8:30', '9:30', 'PRESENT', 'LECTURE', ''),
(25, 176860307029, 'KRUNAL KISHNADWALA', 'COMPUTER ENGINEERING', 6, 2019, 'AJP', 3360701, 'JITENDRA CHAUHAN', 704, '2020-03-17', '8:30', '9:30', 'PRESENT', 'LECTURE', ''),
(26, 176860307012, 'JAY FINAVA', 'COMPUTER ENGINEERING', 6, 2019, 'NMA', 3360703, 'VIPUL KANIA', 703, '2020-03-17', '9:30', '10:30', 'PRESENT', 'LECTURE', ''),
(27, 176860307023, 'SAVBAN KAGZI', 'COMPUTER ENGINEERING', 6, 2019, 'NMA', 3360703, 'VIPUL KANIA', 703, '2020-03-17', '9:30', '10:30', 'PRESENT', 'LECTURE', ''),
(28, 176860307025, 'JAYMIN KANIA', 'COMPUTER ENGINEERING', 6, 2019, 'NMA', 3360703, 'VIPUL KANIA', 703, '2020-03-17', '9:30', '10:30', 'ABSENT', 'LECTURE', ''),
(29, 176860307026, 'KEVAL MISTRY', 'COMPUTER ENGINEERING', 6, 2019, 'NMA', 3360703, 'VIPUL KANIA', 703, '2020-03-17', '9:30', '10:30', 'PRESENT', 'LECTURE', ''),
(30, 176860307029, 'KRUNAL KISHNADWALA', 'COMPUTER ENGINEERING', 6, 2019, 'NMA', 3360703, 'VIPUL KANIA', 703, '2020-03-17', '9:30', '10:30', 'PRESENT', 'LECTURE', ''),
(31, 176860307026, 'KEVAL MISTRY', 'COMPUTER ENGINEERING', 6, 2019, 'NMA', 3360703, 'VIPUL KANIA', 703, '2020-03-17', '10:40', '12:40', 'PRESENT', 'LAB', ''),
(32, 176860307029, 'KRUNAL KISHNADWALA', 'COMPUTER ENGINEERING', 6, 2019, 'NMA', 3360703, 'VIPUL KANIA', 703, '2020-03-17', '10:40', '12:40', 'PRESENT', 'LAB', ''),
(33, 176860307012, 'JAY FINAVA', 'COMPUTER ENGINEERING', 6, 2019, 'MCAD', 3360702, 'VISHVENDU BHATT', 701, '2020-03-17', '10:40', '12:40', 'PRESENT', 'LAB', ''),
(34, 176860307023, 'SAVBAN KAGZI', 'COMPUTER ENGINEERING', 6, 2019, 'MCAD', 3360702, 'VISHVENDU BHATT', 701, '2020-03-17', '10:40', '12:40', 'PRESENT', 'LAB', ''),
(35, 176860307025, 'JAYMIN KANIA', 'COMPUTER ENGINEERING', 6, 2019, 'MCAD', 3360702, 'VISHVENDU BHATT', 701, '2020-03-17', '10:40', '12:40', 'ABSENT', 'LAB', ''),
(36, 176860307012, 'JAY FINAVA', 'COMPUTER ENGINEERING', 6, 2019, 'NMA', 3360703, 'NIRAV PATEL', 706, '2020-03-18', '8:30', '9:30', 'PRESENT', 'LECTURE', ''),
(37, 176860307023, 'SAVBAN KAGZI', 'COMPUTER ENGINEERING', 6, 2019, 'NMA', 3360703, 'NIRAV PATEL', 706, '2020-03-18', '8:30', '9:30', 'ABSENT', 'LECTURE', ''),
(38, 176860307025, 'JAYMIN KANIA', 'COMPUTER ENGINEERING', 6, 2019, 'NMA', 3360703, 'NIRAV PATEL', 706, '2020-03-18', '8:30', '9:30', 'ABSENT', 'LECTURE', ''),
(39, 176860307026, 'KEVAL MISTRY', 'COMPUTER ENGINEERING', 6, 2019, 'NMA', 3360703, 'NIRAV PATEL', 706, '2020-03-18', '8:30', '9:30', 'ABSENT', 'LECTURE', ''),
(40, 176860307029, 'KRUNAL KISHNADWALA', 'COMPUTER ENGINEERING', 6, 2019, 'NMA', 3360703, 'NIRAV PATEL', 706, '2020-03-18', '8:30', '9:30', 'ABSENT', 'LECTURE', ''),
(41, 176860307012, 'JAY FINAVA', 'COMPUTER ENGINEERING', 6, 2019, 'MCAD', 3360702, 'VISHVENDU BHATT', 701, '2020-03-18', '9:30', '10:30', 'PRESENT', 'LECTURE', ''),
(42, 176860307023, 'SAVBAN KAGZI', 'COMPUTER ENGINEERING', 6, 2019, 'MCAD', 3360702, 'VISHVENDU BHATT', 701, '2020-03-18', '9:30', '10:30', 'ABSENT', 'LECTURE', ''),
(43, 176860307025, 'JAYMIN KANIA', 'COMPUTER ENGINEERING', 6, 2019, 'MCAD', 3360702, 'VISHVENDU BHATT', 701, '2020-03-18', '9:30', '10:30', 'ABSENT', 'LECTURE', ''),
(44, 176860307026, 'KEVAL MISTRY', 'COMPUTER ENGINEERING', 6, 2019, 'MCAD', 3360702, 'VISHVENDU BHATT', 701, '2020-03-18', '9:30', '10:30', 'ABSENT', 'LECTURE', ''),
(45, 176860307029, 'KRUNAL KISHNADWALA', 'COMPUTER ENGINEERING', 6, 2019, 'MCAD', 3360702, 'VISHVENDU BHATT', 701, '2020-03-18', '9:30', '10:30', 'ABSENT', 'LECTURE', ''),
(46, 176860307026, 'KEVAL MISTRY', 'COMPUTER ENGINEERING', 6, 2019, 'MCAD', 3360702, 'VISHVENDU BHATT', 701, '2020-03-18', '10:40', '12:40', 'ABSENT', 'LAB', ''),
(47, 176860307029, 'KRUNAL KISHNADWALA', 'COMPUTER ENGINEERING', 6, 2019, 'MCAD', 3360702, 'VISHVENDU BHATT', 701, '2020-03-18', '10:40', '12:40', 'ABSENT', 'LAB', ''),
(48, 176860307012, 'JAY FINAVA', 'COMPUTER ENGINEERING', 6, 2019, 'PPD', 3360706, 'JITENDRA CHAUHAN', 704, '2020-03-18', '10:40', '12:40', 'PRESENT', 'LAB', ''),
(49, 176860307023, 'SAVBAN KAGZI', 'COMPUTER ENGINEERING', 6, 2019, 'PPD', 3360706, 'JITENDRA CHAUHAN', 704, '2020-03-18', '10:40', '12:40', 'ABSENT', 'LAB', ''),
(50, 176860307025, 'JAYMIN KANIA', 'COMPUTER ENGINEERING', 6, 2019, 'PPD', 3360706, 'JITENDRA CHAUHAN', 704, '2020-03-18', '10:40', '12:40', 'ABSENT', 'LAB', ''),
(51, 176860307012, 'JAY FINAVA', 'COMPUTER ENGINEERING', 6, 2019, 'AJP', 3360701, 'JITENDRA CHAUHAN', 704, '2020-03-18', '1:10', '2:05', 'ABSENT', 'LECTURE', ''),
(52, 176860307023, 'SAVBAN KAGZI', 'COMPUTER ENGINEERING', 6, 2019, 'AJP', 3360701, 'JITENDRA CHAUHAN', 704, '2020-03-18', '1:10', '2:05', 'ABSENT', 'LECTURE', ''),
(53, 176860307025, 'JAYMIN KANIA', 'COMPUTER ENGINEERING', 6, 2019, 'AJP', 3360701, 'JITENDRA CHAUHAN', 704, '2020-03-18', '1:10', '2:05', 'ABSENT', 'LECTURE', ''),
(54, 176860307026, 'KEVAL MISTRY', 'COMPUTER ENGINEERING', 6, 2019, 'AJP', 3360701, 'JITENDRA CHAUHAN', 704, '2020-03-18', '1:10', '2:05', 'ABSENT', 'LECTURE', ''),
(55, 176860307029, 'KRUNAL KISHNADWALA', 'COMPUTER ENGINEERING', 6, 2019, 'AJP', 3360701, 'JITENDRA CHAUHAN', 704, '2020-03-18', '1:10', '2:05', 'ABSENT', 'LECTURE', ''),
(56, 176860307012, 'JAY FINAVA', 'COMPUTER ENGINEERING', 6, 2019, 'NMA', 3360703, 'VIPUL KANIA', 703, '2020-03-18', '1:10', '3:00', 'ABSENT', 'LECTURE', ''),
(57, 176860307023, 'SAVBAN KAGZI', 'COMPUTER ENGINEERING', 6, 2019, 'NMA', 3360703, 'VIPUL KANIA', 703, '2020-03-18', '1:10', '3:00', 'ABSENT', 'LECTURE', ''),
(58, 176860307025, 'JAYMIN KANIA', 'COMPUTER ENGINEERING', 6, 2019, 'NMA', 3360703, 'VIPUL KANIA', 703, '2020-03-18', '1:10', '3:00', 'ABSENT', 'LECTURE', ''),
(59, 176860307026, 'KEVAL MISTRY', 'COMPUTER ENGINEERING', 6, 2019, 'NMA', 3360703, 'VIPUL KANIA', 703, '2020-03-18', '1:10', '3:00', 'ABSENT', 'LECTURE', ''),
(60, 176860307029, 'KRUNAL KISHNADWALA', 'COMPUTER ENGINEERING', 6, 2019, 'NMA', 3360703, 'VIPUL KANIA', 703, '2020-03-18', '1:10', '3:00', 'ABSENT', 'LECTURE', ''),
(61, 176860307012, 'JAY FINAVA', 'COMPUTER ENGINEERING', 6, 2019, 'MCAD', 3360702, 'VISHVENDU BHATT', 701, '2020-03-19', '8:30', '10:30', 'PRESENT', 'LAB', ''),
(62, 176860307023, 'SAVBAN KAGZI', 'COMPUTER ENGINEERING', 6, 2019, 'MCAD', 3360702, 'VISHVENDU BHATT', 701, '2020-03-19', '8:30', '10:30', 'PRESENT', 'LAB', ''),
(63, 176860307025, 'JAYMIN KANIA', 'COMPUTER ENGINEERING', 6, 2019, 'MCAD', 3360702, 'VISHVENDU BHATT', 701, '2020-03-19', '8:30', '10:30', 'PRESENT', 'LAB', ''),
(64, 176860307026, 'KEVAL MISTRY', 'COMPUTER ENGINEERING', 6, 2019, 'PPD', 3360706, 'JITENDRA CHAUHAN', 704, '2020-03-19', '8:30', '10:30', 'PRESENT', 'LAB', ''),
(65, 176860307029, 'KRUNAL KISHNADWALA', 'COMPUTER ENGINEERING', 6, 2019, 'PPD', 3360706, 'JITENDRA CHAUHAN', 704, '2020-03-19', '8:30', '10:30', 'PRESENT', 'LAB', ''),
(66, 176860307012, 'JAY FINAVA', 'COMPUTER ENGINEERING', 6, 2019, 'AJP', 3360701, 'HARDIK PARMAR', 702, '2020-03-19', '10:40', '11:40', 'PRESENT', 'LECTURE', ''),
(67, 176860307023, 'SAVBAN KAGZI', 'COMPUTER ENGINEERING', 6, 2019, 'AJP', 3360701, 'HARDIK PARMAR', 702, '2020-03-19', '10:40', '11:40', 'PRESENT', 'LECTURE', ''),
(68, 176860307025, 'JAYMIN KANIA', 'COMPUTER ENGINEERING', 6, 2019, 'AJP', 3360701, 'HARDIK PARMAR', 702, '2020-03-19', '10:40', '11:40', 'PRESENT', 'LECTURE', ''),
(69, 176860307026, 'KEVAL MISTRY', 'COMPUTER ENGINEERING', 6, 2019, 'AJP', 3360701, 'HARDIK PARMAR', 702, '2020-03-19', '10:40', '11:40', 'PRESENT', 'LECTURE', ''),
(70, 176860307029, 'KRUNAL KISHNADWALA', 'COMPUTER ENGINEERING', 6, 2019, 'AJP', 3360701, 'HARDIK PARMAR', 702, '2020-03-19', '10:40', '11:40', 'PRESENT', 'LECTURE', ''),
(71, 176860307012, 'JAY FINAVA', 'COMPUTER ENGINEERING', 6, 2019, 'MCAD', 3360702, 'SHIVANI PATEL', 705, '2020-03-19', '11:40', '12:40', 'PRESENT', 'LECTURE', ''),
(72, 176860307023, 'SAVBAN KAGZI', 'COMPUTER ENGINEERING', 6, 2019, 'MCAD', 3360702, 'SHIVANI PATEL', 705, '2020-03-19', '11:40', '12:40', 'PRESENT', 'LECTURE', ''),
(73, 176860307025, 'JAYMIN KANIA', 'COMPUTER ENGINEERING', 6, 2019, 'MCAD', 3360702, 'SHIVANI PATEL', 705, '2020-03-19', '11:40', '12:40', 'PRESENT', 'LECTURE', ''),
(74, 176860307026, 'KEVAL MISTRY', 'COMPUTER ENGINEERING', 6, 2019, 'MCAD', 3360702, 'SHIVANI PATEL', 705, '2020-03-19', '11:40', '12:40', 'PRESENT', 'LECTURE', ''),
(75, 176860307029, 'KRUNAL KISHNADWALA', 'COMPUTER ENGINEERING', 6, 2019, 'MCAD', 3360702, 'SHIVANI PATEL', 705, '2020-03-19', '11:40', '12:40', 'PRESENT', 'LECTURE', ''),
(76, 176860307012, 'JAY FINAVA', 'COMPUTER ENGINEERING', 6, 2019, 'PPD', 3360706, 'SHIVANI PATEL', 705, '2020-03-19', '1:10', '3:00', 'PRESENT', 'LAB', ''),
(77, 176860307023, 'SAVBAN KAGZI', 'COMPUTER ENGINEERING', 6, 2019, 'PPD', 3360706, 'SHIVANI PATEL', 705, '2020-03-19', '1:10', '3:00', 'PRESENT', 'LAB', ''),
(78, 176860307025, 'JAYMIN KANIA', 'COMPUTER ENGINEERING', 6, 2019, 'PPD', 3360706, 'SHIVANI PATEL', 705, '2020-03-19', '1:10', '3:00', 'PRESENT', 'LAB', ''),
(79, 176860307026, 'KEVAL MISTRY', 'COMPUTER ENGINEERING', 6, 2019, 'AJP', 3360701, 'HARDIK PARMAR', 702, '2020-03-19', '1:10', '3:00', 'PRESENT', 'LAB', ''),
(80, 176860307029, 'KRUNAL KISHNADWALA', 'COMPUTER ENGINEERING', 6, 2019, 'AJP', 3360701, 'HARDIK PARMAR', 702, '2020-03-19', '1:10', '3:00', 'PRESENT', 'LAB', ''),
(81, 176860307012, 'JAY FINAVA', 'COMPUTER ENGINEERING', 6, 2019, 'NMA', 3360703, 'VIPUL KANIA', 703, '2020-03-20', '8:30', '10:30', 'PRESENT', 'LAB', ''),
(82, 176860307023, 'SAVBAN KAGZI', 'COMPUTER ENGINEERING', 6, 2019, 'NMA', 3360703, 'VIPUL KANIA', 703, '2020-03-20', '8:30', '10:30', 'ABSENT', 'LAB', ''),
(83, 176860307025, 'JAYMIN KANIA', 'COMPUTER ENGINEERING', 6, 2019, 'NMA', 3360703, 'VIPUL KANIA', 703, '2020-03-20', '8:30', '10:30', 'PRESENT', 'LAB', ''),
(84, 176860307026, 'KEVAL MISTRY', 'COMPUTER ENGINEERING', 6, 2019, 'MCAD', 3360702, 'VISHVENDU BHATT', 701, '2020-03-20', '8:30', '10:30', 'PRESENT', 'LAB', ''),
(85, 176860307029, 'KRUNAL KISHNADWALA', 'COMPUTER ENGINEERING', 6, 2019, 'MCAD', 3360702, 'VISHVENDU BHATT', 701, '2020-03-20', '8:30', '10:30', 'PRESENT', 'LAB', ''),
(86, 176860307012, 'JAY FINAVA', 'COMPUTER ENGINEERING', 6, 2019, 'AJP', 3360701, 'JITENDRA CHAUHAN', 704, '2020-03-20', '10:40', '12:40', 'PRESENT', 'LAB', ''),
(87, 176860307023, 'SAVBAN KAGZI', 'COMPUTER ENGINEERING', 6, 2019, 'AJP', 3360701, 'JITENDRA CHAUHAN', 704, '2020-03-20', '10:40', '12:40', 'ABSENT', 'LAB', ''),
(88, 176860307025, 'JAYMIN KANIA', 'COMPUTER ENGINEERING', 6, 2019, 'AJP', 3360701, 'JITENDRA CHAUHAN', 704, '2020-03-20', '10:40', '12:40', 'PRESENT', 'LAB', ''),
(89, 176860307026, 'KEVAL MISTRY', 'COMPUTER ENGINEERING', 6, 2019, 'NMA', 3360703, 'NIRAV PATEL', 706, '2020-03-20', '10:40', '12:40', 'PRESENT', 'LAB', ''),
(90, 176860307029, 'KRUNAL KISHNADWALA', 'COMPUTER ENGINEERING', 6, 2019, 'NMA', 3360703, 'NIRAV PATEL', 706, '2020-03-20', '10:40', '12:40', 'PRESENT', 'LAB', ''),
(91, 176860307012, 'JAY FINAVA', 'COMPUTER ENGINEERING', 6, 2019, 'AJP', 3360701, 'HARDIK PARMAR', 702, '2020-03-23', '8:30', '9:30', 'PRESENT', 'LECTURE', ''),
(92, 176860307023, 'SAVBAN KAGZI', 'COMPUTER ENGINEERING', 6, 2019, 'AJP', 3360701, 'HARDIK PARMAR', 702, '2020-03-23', '8:30', '9:30', 'PRESENT', 'LECTURE', ''),
(93, 176860307025, 'JAYMIN KANIA', 'COMPUTER ENGINEERING', 6, 2019, 'AJP', 3360701, 'HARDIK PARMAR', 702, '2020-03-23', '8:30', '9:30', 'PRESENT', 'LECTURE', ''),
(94, 176860307026, 'KEVAL MISTRY', 'COMPUTER ENGINEERING', 6, 2019, 'AJP', 3360701, 'HARDIK PARMAR', 702, '2020-03-23', '8:30', '9:30', 'PRESENT', 'LECTURE', ''),
(95, 176860307029, 'KRUNAL KISHNADWALA', 'COMPUTER ENGINEERING', 6, 2019, 'AJP', 3360701, 'HARDIK PARMAR', 702, '2020-03-23', '8:30', '9:30', 'ABSENT', 'LECTURE', ''),
(110, 176860307012, 'JAY FINAVA', 'COMPUTER ENGINEERING', 6, 2019, 'AJP', 3360701, 'HARDIK PARMAR', 702, '2020-03-25', '8:30', '9:30', 'PRESENT', 'LECTURE', ''),
(111, 176860307023, 'SAVBAN KAGZI', 'COMPUTER ENGINEERING', 6, 2019, 'AJP', 3360701, 'HARDIK PARMAR', 702, '2020-03-25', '8:30', '9:30', 'PRESENT', 'LECTURE', ''),
(112, 176860307025, 'JAYMIN KANIA', 'COMPUTER ENGINEERING', 6, 2019, 'AJP', 3360701, 'HARDIK PARMAR', 702, '2020-03-25', '8:30', '9:30', 'ABSENT', 'LECTURE', ''),
(113, 176860307026, 'KEVAL MISTRY', 'COMPUTER ENGINEERING', 6, 2019, 'AJP', 3360701, 'HARDIK PARMAR', 702, '2020-03-25', '8:30', '9:30', 'PRESENT', 'LECTURE', ''),
(114, 176860307029, 'KRUNAL KISHNADWALA', 'COMPUTER ENGINEERING', 6, 2019, 'AJP', 3360701, 'HARDIK PARMAR', 702, '2020-03-25', '8:30', '9:30', 'ABSENT', 'LECTURE', ''),
(115, 176860307044, 'YASH PINDIWALA', 'COMPUTER ENGINEERING', 6, 2019, 'AJP', 3360701, 'HARDIK PARMAR', 702, '2020-03-25', '8:30', '9:30', 'PRESENT', 'LECTURE', ''),
(116, 176860307012, 'JAY FINAVA', 'COMPUTER ENGINEERING', 6, 2019, 'MCAD', 3360702, 'SHIVANI PATEL', 705, '2020-03-25', '9:30', '10:30', 'PRESENT', 'LECTURE', ''),
(117, 176860307023, 'SAVBAN KAGZI', 'COMPUTER ENGINEERING', 6, 2019, 'MCAD', 3360702, 'SHIVANI PATEL', 705, '2020-03-25', '9:30', '10:30', 'PRESENT', 'LECTURE', ''),
(118, 176860307025, 'JAYMIN KANIA', 'COMPUTER ENGINEERING', 6, 2019, 'MCAD', 3360702, 'SHIVANI PATEL', 705, '2020-03-25', '9:30', '10:30', 'ABSENT', 'LECTURE', ''),
(119, 176860307026, 'KEVAL MISTRY', 'COMPUTER ENGINEERING', 6, 2019, 'MCAD', 3360702, 'SHIVANI PATEL', 705, '2020-03-25', '9:30', '10:30', 'PRESENT', 'LECTURE', ''),
(120, 176860307029, 'KRUNAL KISHNADWALA', 'COMPUTER ENGINEERING', 6, 2019, 'MCAD', 3360702, 'SHIVANI PATEL', 705, '2020-03-25', '9:30', '10:30', 'ABSENT', 'LECTURE', ''),
(121, 176860307044, 'YASH PINDIWALA', 'COMPUTER ENGINEERING', 6, 2019, 'MCAD', 3360702, 'SHIVANI PATEL', 705, '2020-03-25', '9:30', '10:30', 'PRESENT', 'LECTURE', ''),
(122, 176860307012, 'JAY FINAVA', 'COMPUTER ENGINEERING', 6, 2019, 'AJP', 3360701, 'HARDIK PARMAR', 702, '2020-06-08', '8:30', '9:30', 'PRESENT', 'LECTURE', ''),
(123, 176860307023, 'SAVBAN KAGZI', 'COMPUTER ENGINEERING', 6, 2019, 'AJP', 3360701, 'HARDIK PARMAR', 702, '2020-06-08', '8:30', '9:30', 'ABSENT', 'LECTURE', ''),
(124, 176860307025, 'JAYMIN KANIA', 'COMPUTER ENGINEERING', 6, 2019, 'AJP', 3360701, 'HARDIK PARMAR', 702, '2020-06-08', '8:30', '9:30', 'PRESENT', 'LECTURE', ''),
(125, 176860307026, 'KEVAL MISTRY', 'COMPUTER ENGINEERING', 6, 2019, 'AJP', 3360701, 'HARDIK PARMAR', 702, '2020-06-08', '8:30', '9:30', 'ABSENT', 'LECTURE', ''),
(126, 176860307029, 'KRUNAL KISHNADWALA', 'COMPUTER ENGINEERING', 6, 2019, 'AJP', 3360701, 'HARDIK PARMAR', 702, '2020-06-08', '8:30', '9:30', 'PRESENT', 'LECTURE', ''),
(127, 176860307044, 'YASH PINDIWALA', 'COMPUTER ENGINEERING', 6, 2019, 'AJP', 3360701, 'HARDIK PARMAR', 702, '2020-06-08', '8:30', '9:30', 'ABSENT', 'LECTURE', ''),
(128, 176860307060, 'OM PATEL', 'COMPUTER ENGINEERING', 6, 2019, 'AJP', 3360701, 'HARDIK PARMAR', 702, '2020-06-08', '8:30', '9:30', 'PRESENT', 'LECTURE', ''),
(129, 176860307012, 'JAY FINAVA', 'COMPUTER ENGINEERING', 6, 2019, 'AJP', 3360701, 'HARDIK PARMAR', 702, '2020-06-10', '8:30', '10:30', 'PRESENT', 'LAB', 'B1'),
(130, 176860307023, 'SAVBAN KAGZI', 'COMPUTER ENGINEERING', 6, 2019, 'AJP', 3360701, 'HARDIK PARMAR', 702, '2020-06-10', '8:30', '10:30', 'ABSENT', 'LAB', 'B1'),
(131, 176860307025, 'JAYMIN KANIA', 'COMPUTER ENGINEERING', 6, 2019, 'AJP', 3360701, 'HARDIK PARMAR', 702, '2020-06-10', '8:30', '10:30', 'ABSENT', 'LAB', 'B1');

-- --------------------------------------------------------

--
-- Table structure for table `department`
--

CREATE TABLE IF NOT EXISTS `department` (
  `did` int(10) NOT NULL AUTO_INCREMENT,
  `dcode` int(10) NOT NULL,
  `dname` varchar(30) NOT NULL,
  PRIMARY KEY (`did`)
) ENGINE=InnoDB  DEFAULT CHARSET=latin1 AUTO_INCREMENT=5 ;

--
-- Dumping data for table `department`
--

INSERT INTO `department` (`did`, `dcode`, `dname`) VALUES
(1, 7, 'COMPUTER ENGINEERING'),
(2, 9, 'ELECTRICAL ENGINEERING'),
(3, 19, 'MECHANICAL ENGINEERING'),
(4, 6, 'CIVIL ENGINEERING');

-- --------------------------------------------------------

--
-- Table structure for table `faculty`
--

CREATE TABLE IF NOT EXISTS `faculty` (
  `fid` int(11) NOT NULL AUTO_INCREMENT,
  `pname` varchar(30) NOT NULL,
  `dname` varchar(30) NOT NULL,
  `fname` varchar(30) NOT NULL,
  `lname` varchar(30) NOT NULL,
  `faculty_no` int(10) NOT NULL,
  `status` varchar(10) NOT NULL,
  `email` varchar(30) NOT NULL,
  `password` text NOT NULL,
  `dob` date NOT NULL,
  `cast` varchar(10) NOT NULL,
  `ma_status` varchar(20) NOT NULL,
  `country` varchar(20) NOT NULL,
  `mobile` bigint(10) NOT NULL,
  `pno` bigint(20) NOT NULL,
  `aadhar` bigint(15) NOT NULL,
  `address` varchar(100) NOT NULL,
  `photo` varchar(250) NOT NULL,
  PRIMARY KEY (`fid`)
) ENGINE=InnoDB  DEFAULT CHARSET=latin1 AUTO_INCREMENT=12 ;

--
-- Dumping data for table `faculty`
--

INSERT INTO `faculty` (`fid`, `pname`, `dname`, `fname`, `lname`, `faculty_no`, `status`, `email`, `password`, `dob`, `cast`, `ma_status`, `country`, `mobile`, `pno`, `aadhar`, `address`, `photo`) VALUES
(1, 'H.O.D.', 'COMPUTER ENGINEERING', 'VISHVENDU', 'BHATT', 701, 'ACTIVE', 'vmb@gmail.com', '81dc9bdb52d04dc20036dbd8313ed055', '1990-10-10', 'General', 'Married', 'India', 9987458788, 958745, 777888899999, 'Navsari', '10102020052052vishu.PNG'),
(2, 'Lecturer', 'COMPUTER ENGINEERING', 'HARDIK', 'PARMAR', 702, 'ACTIVE', 'hmp@gmail.com', '81dc9bdb52d04dc20036dbd8313ed055', '1990-04-14', 'General', 'Unmarried', 'India', 7777445896, 951357, 114477889966, 'Adajan Surat', '10102020052919hardiksir.JPG'),
(3, 'Lecturer', 'COMPUTER ENGINEERING', 'VIPUL', 'KANIA', 703, 'ACTIVE', 'vsk@gmail.com', '81dc9bdb52d04dc20036dbd8313ed055', '1990-12-12', 'General', 'Married', 'India', 9995556685, 258741, 111222333555, 'surat', '10102020053056vipulsir.JPG'),
(4, 'Lecturer', 'COMPUTER ENGINEERING', 'JITENDRA', 'CHAUHAN', 704, 'ACTIVE', 'jpc@gmail.com', '81dc9bdb52d04dc20036dbd8313ed055', '1990-05-05', 'General', 'Married', 'India', 9999888565, 745896, 777888999444, 'varachha', '03102020062146jpsir.JPG'),
(5, 'Lecturer', 'COMPUTER ENGINEERING', 'SHIVANI', 'PATEL', 705, 'ACTIVE', 'smp@gmail.com', '81dc9bdb52d04dc20036dbd8313ed055', '1995-02-14', 'OBC', 'Unmarried', 'India', 9998885564, 845698, 777755526669, 'surat', '10102020061945smp.JPG'),
(6, 'Lecturer', 'COMPUTER ENGINEERING', 'NIRAV', 'PATEL', 706, 'ACTIVE', 'ncp@gmail.com', '81dc9bdb52d04dc20036dbd8313ed055', '1990-06-10', 'General', 'Unmarried', 'India', 9514785369, 951236, 995465465, 'navsari', '10102020062111np.JPG'),
(7, 'H.O.D.', 'CIVIL ENGINEERING', 'JITENDRA', 'CHHOWALA', 601, 'ACTIVE', 'chhowalasir@gmail.com', '81dc9bdb52d04dc20036dbd8313ed055', '1985-07-07', 'OBC', 'Currently Married', 'India', 9999888877, 456545, 999955551111, 'surat', '10102020062453chhowalasir.JPG'),
(8, 'Lecturer', 'CIVIL ENGINEERING', 'HARSHIL', 'SIR', 602, 'ACTIVE', 'harshilsir@gmail.com', '81dc9bdb52d04dc20036dbd8313ed055', '1990-02-22', 'OBC', 'Currently Married', 'India', 9966332588, 515, 1554, 'navsari', '10102020062606harshilsir.JPG'),
(9, 'Lecturer', 'CIVIL ENGINEERING', 'NIL', 'SIR', 603, 'ACTIVE', 'nilsir@gmail.com', '81dc9bdb52d04dc20036dbd8313ed055', '1990-02-10', 'General', 'Currently Married', 'India', 654984684, 4654654, 465465, 'navsari', '10102020062657nilsir.JPG'),
(10, 'Lecturer', 'CIVIL ENGINEERING', 'SUNNY', 'MAKVANA', 604, 'ACTIVE', 'sunnysir@gmail.com', '81dc9bdb52d04dc20036dbd8313ed055', '1990-05-05', 'SC', 'Currently Married', 'India', 654654, 54545, 5435465, 'surat', '10102020062815sunnysir.JPG'),
(11, 'H.O.D.', 'MECHANICAL ENGINEERING', 'MECH', 'HOD', 1901, 'ACTIVE', 'mech.hod@gmail.com', '1234', '1980-10-10', 'OBC', 'Currently Married', 'India', 9999999999, 8777777777, 444455556666, 'palsana', '10102020064018faculty_circle.png');

-- --------------------------------------------------------

--
-- Table structure for table `global`
--

CREATE TABLE IF NOT EXISTS `global` (
  `gid` int(10) NOT NULL AUTO_INCREMENT,
  `publisher` varchar(100) NOT NULL,
  `title` varchar(500) NOT NULL,
  `desci` varchar(500) NOT NULL,
  `date` date NOT NULL,
  `status` varchar(15) NOT NULL,
  `sem` varchar(50) NOT NULL,
  `dname` varchar(500) NOT NULL,
  PRIMARY KEY (`gid`)
) ENGINE=InnoDB  DEFAULT CHARSET=latin1 AUTO_INCREMENT=12 ;

--
-- Dumping data for table `global`
--

INSERT INTO `global` (`gid`, `publisher`, `title`, `desci`, `date`, `status`, `sem`, `dname`) VALUES
(1, 'admin', 'Holidays', 'Holidays fellas!', '2020-03-22', 'INACTIVE', 'ALL', 'ALL'),
(2, 'admin', 'kkkkk', 'jjjjjjjjxxx', '2020-10-10', 'ACTIVE', '2,4,6', 'ELECTRICAL ENGINEERING,MECHANICAL ENGINEERING'),
(4, 'admin', 'holidays', 'due to covid-19', '2020-03-22', 'INACTIVE', '2,4,6', 'COMPUTER ENGINEERING,ELECTRICAL ENGINEERING'),
(7, 'VISHVENDU BHATT', 'hod holiday', 'holiday boys', '2020-03-23', 'ACTIVE', '2,4,5,6', 'COMPUTER ENGINEERING'),
(8, 'VISHVENDU BHATT', 'notice2', 'vctygviuj', '2020-03-23', 'ACTIVE', '4,5,6', 'COMPUTER ENGINEERING'),
(9, 'admin', 'holiday 21', 'iekrgoprgko', '2020-03-25', 'ACTIVE', 'ALL', 'ALL'),
(10, 'admin', 'Final Year Exam', 'starts from 3 july', '2020-06-10', 'ACTIVE', '4,6', 'COMPUTER ENGINEERING,ELECTRICAL ENGINEERING'),
(11, 'admin', 'nothin', 'nothing nohing tp', '2020-09-02', 'ACTIVE', 'ALL', 'ALL');

-- --------------------------------------------------------

--
-- Table structure for table `midresult`
--

CREATE TABLE IF NOT EXISTS `midresult` (
  `mid` int(10) NOT NULL AUTO_INCREMENT,
  `sname` varchar(30) NOT NULL,
  `erno` bigint(15) NOT NULL,
  `subname` varchar(100) NOT NULL,
  `subcode` int(10) NOT NULL,
  `doe` date NOT NULL,
  `marks` int(3) NOT NULL,
  `sem` int(1) NOT NULL,
  `year` int(6) NOT NULL,
  `dname` varchar(20) NOT NULL,
  `facultyname` varchar(50) NOT NULL,
  `faculty_no` int(11) NOT NULL,
  PRIMARY KEY (`mid`)
) ENGINE=InnoDB  DEFAULT CHARSET=latin1 AUTO_INCREMENT=16 ;

--
-- Dumping data for table `midresult`
--

INSERT INTO `midresult` (`mid`, `sname`, `erno`, `subname`, `subcode`, `doe`, `marks`, `sem`, `year`, `dname`, `facultyname`, `faculty_no`) VALUES
(1, 'JAY FINAVA', 176860307012, 'ADVANCED JAVA PROGRAMMING', 3360701, '2020-03-09', 10, 6, 2019, 'COMPUTER ENGINEERING', 'JITENDRA CHAUHAN', 704),
(2, 'SAVBAN KAGZI', 176860307023, 'ADVANCED JAVA PROGRAMMING', 3360701, '2020-03-09', 11, 6, 2019, 'COMPUTER ENGINEERING', 'JITENDRA CHAUHAN', 704),
(3, 'JAYMIN KANIA', 176860307025, 'ADVANCED JAVA PROGRAMMING', 3360701, '2020-03-09', 12, 6, 2019, 'COMPUTER ENGINEERING', 'JITENDRA CHAUHAN', 704),
(4, 'KEVAL MISTRY', 176860307026, 'ADVANCED JAVA PROGRAMMING', 3360701, '2020-03-09', 13, 6, 2019, 'COMPUTER ENGINEERING', 'JITENDRA CHAUHAN', 704),
(5, 'KRUNAL KISHNADWALA', 176860307029, 'ADVANCED JAVA PROGRAMMING', 3360701, '2020-03-09', 14, 6, 2019, 'COMPUTER ENGINEERING', 'JITENDRA CHAUHAN', 704),
(6, 'JAY FINAVA', 176860307012, 'MOBILE COMPUTING AND APPLICATION DEVELOPMENT', 3360702, '2020-03-10', 20, 6, 2019, 'COMPUTER ENGINEERING', 'VISHVENDU BHATT', 701),
(7, 'SAVBAN KAGZI', 176860307023, 'MOBILE COMPUTING AND APPLICATION DEVELOPMENT', 3360702, '2020-03-10', 21, 6, 2019, 'COMPUTER ENGINEERING', 'VISHVENDU BHATT', 701),
(8, 'JAYMIN KANIA', 176860307025, 'MOBILE COMPUTING AND APPLICATION DEVELOPMENT', 3360702, '2020-03-10', 22, 6, 2019, 'COMPUTER ENGINEERING', 'VISHVENDU BHATT', 701),
(9, 'KEVAL MISTRY', 176860307026, 'MOBILE COMPUTING AND APPLICATION DEVELOPMENT', 3360702, '2020-03-10', 23, 6, 2019, 'COMPUTER ENGINEERING', 'VISHVENDU BHATT', 701),
(10, 'KRUNAL KISHNADWALA', 176860307029, 'MOBILE COMPUTING AND APPLICATION DEVELOPMENT', 3360702, '2020-03-10', 24, 6, 2019, 'COMPUTER ENGINEERING', 'VISHVENDU BHATT', 701),
(11, 'JAY FINAVA', 176860307012, 'NETWORK MANAGEMENT AND ADMINISTRATION', 3360703, '2020-03-11', 30, 6, 2019, 'COMPUTER ENGINEERING', 'VIPUL KANIA', 703),
(12, 'SAVBAN KAGZI', 176860307023, 'NETWORK MANAGEMENT AND ADMINISTRATION', 3360703, '2020-03-11', 29, 6, 2019, 'COMPUTER ENGINEERING', 'VIPUL KANIA', 703),
(13, 'JAYMIN KANIA', 176860307025, 'NETWORK MANAGEMENT AND ADMINISTRATION', 3360703, '2020-03-11', 28, 6, 2019, 'COMPUTER ENGINEERING', 'VIPUL KANIA', 703),
(14, 'KEVAL MISTRY', 176860307026, 'NETWORK MANAGEMENT AND ADMINISTRATION', 3360703, '2020-03-11', 27, 6, 2019, 'COMPUTER ENGINEERING', 'VIPUL KANIA', 703),
(15, 'KRUNAL KISHNADWALA', 176860307029, 'NETWORK MANAGEMENT AND ADMINISTRATION', 3360703, '2020-03-11', 26, 6, 2019, 'COMPUTER ENGINEERING', 'VIPUL KANIA', 703);

-- --------------------------------------------------------

--
-- Table structure for table `mid_rec`
--

CREATE TABLE IF NOT EXISTS `mid_rec` (
  `mrid` int(10) NOT NULL AUTO_INCREMENT,
  `sem` int(11) NOT NULL,
  `year` int(11) NOT NULL,
  `faculty_no` int(11) NOT NULL,
  `subcode` int(11) NOT NULL,
  `dname` varchar(20) NOT NULL,
  PRIMARY KEY (`mrid`)
) ENGINE=InnoDB DEFAULT CHARSET=latin1 AUTO_INCREMENT=1 ;

--
-- Dumping data for table `mid_rec`
--


-- --------------------------------------------------------

--
-- Table structure for table `parent`
--

CREATE TABLE IF NOT EXISTS `parent` (
  `pid` int(2) NOT NULL AUTO_INCREMENT,
  `erno` bigint(15) NOT NULL,
  `fathername` varchar(20) NOT NULL,
  `mothername` varchar(20) NOT NULL,
  `fmobile` bigint(15) NOT NULL,
  `mmobile` bigint(15) NOT NULL,
  `femail` varchar(30) NOT NULL,
  `memail` varchar(30) NOT NULL,
  `password` text NOT NULL,
  `fphoto` varchar(250) NOT NULL,
  `mphoto` varchar(250) NOT NULL,
  `status` varchar(20) NOT NULL,
  PRIMARY KEY (`pid`)
) ENGINE=InnoDB  DEFAULT CHARSET=latin1 AUTO_INCREMENT=10 ;

--
-- Dumping data for table `parent`
--

INSERT INTO `parent` (`pid`, `erno`, `fathername`, `mothername`, `fmobile`, `mmobile`, `femail`, `memail`, `password`, `fphoto`, `mphoto`, `status`) VALUES
(1, 176860307026, 'PRAFULBHAI MISTRY', 'KUSUMBEN MISTRY', 9874569852, 22222221, 'pm@gmail.com', 'km@gmail.com', '81dc9bdb52d04dc20036dbd8313ed055', '03102020065744father.jpg', '03102020065751mother.jpg', 'ACTIVE'),
(2, 176860307025, 'JAYESHBHAI KANIA', 'JMOM KANIA', 897984646, 896465351, 'jayeshbhai@gmail.com', 'jmom@gmail.com', '81dc9bdb52d04dc20036dbd8313ed055', '10102020065943father.jpg', '10102020065943mother.jpg', 'ACTIVE'),
(3, 176860307029, 'ASHISHBHAI KISHNADWA', 'KETKIBEN KISHNADWALA', 894165135, 646546, 'akk@gmail.com', 'kmom@gmail.com', '81dc9bdb52d04dc20036dbd8313ed055', '10102020070056father.jpg', '10102020070056mother.jpg', 'ACTIVE'),
(4, 176860307023, 'SAKIR KAGZI', 'HAFIZA KAGZI', 89984656, 8489465, 'skagzi@gmail.com', 'hk@gmail.com', '81dc9bdb52d04dc20036dbd8313ed055', '10102020070205father.jpg', '10102020070205mother.jpg', 'ACTIVE'),
(5, 176860307012, 'JAYDAD FINAVA', 'JAYMOM FINAVA', 66445348, 6845436, 'jdf@gmail.com', 'jmf@gmail.com', '81dc9bdb52d04dc20036dbd8313ed055', '03112020041515father.jpg', '03112020041526mother.jpg', 'ACTIVE'),
(6, 176860306001, 'HEMANSHUDAD SONI', 'HEMANSHUMOM SONI', 5454846, 5768799, 'hhh@gmail.com', 'uhju@gmail.com', '81dc9bdb52d04dc20036dbd8313ed055', '11112020041728father.jpg', '11112020041728mother.jpg', 'ACTIVE'),
(7, 176860306002, 'OMDAD CIVIL', 'OMMOM CIVIL', 376876769, 454634534, 'hggyu@gmail.com', 'ommmm@gmail.com', '81dc9bdb52d04dc20036dbd8313ed055', '11112020041832father.jpg', '11112020041832mother.jpg', 'ACTIVE'),
(8, 176860306003, 'PARESHDAD CIVIL', 'PARESHMOM CIVIL', 7876876, 5375473, 'hiuii@gmail.co', 'bk3kjjbk@gmail.com', '81dc9bdb52d04dc20036dbd8313ed055', '11112020041938father.jpg', '11112020041938mother.jpg', 'ACTIVE'),
(9, 176860307060, 'OM FATHER', 'OM MOTHER', 888888888, 777777777, 'omfather@gmail.com', 'ommother@gmail.com', '1234', '10102020063720parent_circle.png', '10102020063720faculty_circle.png', 'ACTIVE');

-- --------------------------------------------------------

--
-- Table structure for table `post`
--

CREATE TABLE IF NOT EXISTS `post` (
  `poid` int(10) NOT NULL AUTO_INCREMENT,
  `post_name` varchar(30) NOT NULL,
  PRIMARY KEY (`poid`)
) ENGINE=InnoDB DEFAULT CHARSET=latin1 AUTO_INCREMENT=1 ;

--
-- Dumping data for table `post`
--


-- --------------------------------------------------------

--
-- Table structure for table `sem`
--

CREATE TABLE IF NOT EXISTS `sem` (
  `semid` int(10) NOT NULL AUTO_INCREMENT,
  `sem` int(10) NOT NULL,
  PRIMARY KEY (`semid`)
) ENGINE=InnoDB  DEFAULT CHARSET=latin1 AUTO_INCREMENT=7 ;

--
-- Dumping data for table `sem`
--

INSERT INTO `sem` (`semid`, `sem`) VALUES
(1, 1),
(2, 2),
(3, 3),
(4, 4),
(5, 5),
(6, 6);

-- --------------------------------------------------------

--
-- Table structure for table `student`
--

CREATE TABLE IF NOT EXISTS `student` (
  `sid` int(9) NOT NULL AUTO_INCREMENT,
  `fname` varchar(30) NOT NULL,
  `lname` varchar(30) NOT NULL,
  `erno` bigint(15) NOT NULL,
  `sem` int(1) NOT NULL,
  `year` int(10) NOT NULL,
  `current_year` int(10) NOT NULL,
  `dob` date NOT NULL,
  `dept` varchar(30) NOT NULL,
  `address` varchar(50) NOT NULL,
  `gender` varchar(10) NOT NULL,
  `semail` varchar(30) NOT NULL,
  `smobile` bigint(15) NOT NULL,
  `quali` varchar(30) NOT NULL,
  `city` varchar(15) NOT NULL,
  `state` varchar(15) NOT NULL,
  `pincode` int(9) NOT NULL,
  `status` varchar(10) NOT NULL,
  `sphone` bigint(15) NOT NULL,
  `aadhaar` bigint(20) NOT NULL,
  `photo` varchar(1000) NOT NULL,
  `batch` varchar(10) NOT NULL,
  PRIMARY KEY (`sid`)
) ENGINE=InnoDB  DEFAULT CHARSET=latin1 AUTO_INCREMENT=13 ;

--
-- Dumping data for table `student`
--

INSERT INTO `student` (`sid`, `fname`, `lname`, `erno`, `sem`, `year`, `current_year`, `dob`, `dept`, `address`, `gender`, `semail`, `smobile`, `quali`, `city`, `state`, `pincode`, `status`, `sphone`, `aadhaar`, `photo`, `batch`) VALUES
(1, 'KEVAL', 'MISTRY', 176860307026, 6, 2017, 2019, '2001-12-03', 'COMPUTER ENGINEERING', 'At. & Po. Vav, Desai street', 'Male', 'kpm@gmail.com', 9601399711, '10', 'Surat', 'Gujarat', 394326, 'ACTIVE', 987422, 111122224444, '0392020130504kevalmistry.jpg', 'B2'),
(2, 'JAYMIN', 'KANIA', 176860307025, 6, 2017, 2019, '2001-10-25', 'COMPUTER ENGINEERING', 'Adajan Gas circle , Surat', 'Male', 'jjk@gmail.com', 7777788888, '10', 'Surat', 'Gujarat', 394343, 'ACTIVE', 987789, 999988886666, '0392020133014jaymin.JPG', 'B1'),
(3, 'KRUNAL', 'KISHNADWALA', 176860307029, 6, 2017, 2019, '2002-02-23', 'COMPUTER ENGINEERING', 'Katargam , Surat', 'Male', 'kak@gmail.com', 9999966666, '10', 'Surat', 'Gujarat', 394330, 'ACTIVE', 999888, 333322225555, '0392020133232krunal.JPG', 'B2'),
(4, 'SAVBAN', 'KAGZI', 176860307023, 6, 2017, 2019, '1999-06-10', 'COMPUTER ENGINEERING', 'Not Fixed', 'Male', 'ssk@gmail.com', 9898987897, '10', 'Surat', 'Gujarat', 394040, 'ACTIVE', 987852, 999966663333, '0392020133433savban.PNG', 'B1'),
(5, 'JAY', 'FINAVA', 176860307012, 6, 2017, 2019, '2001-01-12', 'COMPUTER ENGINEERING', 'Laskana ', 'Male', 'jf@gmail.com', 9999888877, '10', 'Surat', 'Gujarat', 394328, 'ACTIVE', 951591, 999988885555, '0392020133830jayfinava.JPG', 'B1'),
(6, 'HEMANSHU', 'SONI', 176860306001, 6, 2017, 2019, '2001-10-10', 'CIVIL ENGINEERING', 'sarthana', 'Male', 'bhuro@gmail.com', 98746321, '10', 'surat', 'gujarat', 393939, 'ACTIVE', 963258, 777788889999, '03102020073330sunnysir.JPG', ''),
(7, 'OM', 'CIVIL', 176860306002, 6, 2017, 2019, '2001-10-10', 'CIVIL ENGINEERING', 'rherhber', 'Male', 'omcivil@gmail.com', 564646, '10', 'surat', 'gujarat', 394339, 'ACTIVE', 453458, 465684, '03112020041032nilsir.JPG', ''),
(8, 'PARESH', 'CIVIL', 176860306003, 6, 2017, 2019, '2001-10-10', 'CIVIL ENGINEERING', 'whbwijeb', 'Male', 'pareshcivil@gmail.com', 4654546, '10', 'surat', 'gujarat', 393936, 'ACTIVE', 454654864, 654654684, '03112020041137harshilsir.JPG', ''),
(9, 'Sanket', 'Patel', 186860307001, 4, 2018, 2019, '0000-00-00', 'COMPUTER ENGINEERING', '', '', '', 0, '', '', '', 0, 'ACTIVE', 0, 0, '', ''),
(11, 'YASH', 'PINDIWALA', 176860307044, 6, 2017, 2019, '2000-10-10', 'COMPUTER ENGINEERING', 'vesu surat', 'Male', 'yp@gmail.com', 465465, '10', 'Surat', 'Gujarat', 394344, 'ACTIVE', 455454, 545465, '03252020121411ezgif.com-gif-maker.gif', ''),
(12, 'OM', 'PATEL', 176860307060, 6, 2017, 2019, '2000-10-10', 'COMPUTER ENGINEERING', 'palsana', 'Male', 'ompatel@gmail.com', 9999999999, '10', 'surat', 'gujarat', 33333, 'ACTIVE', 7777777777, 111122223333, '06102020062911parent_circle.png', '');

-- --------------------------------------------------------

--
-- Table structure for table `subject`
--

CREATE TABLE IF NOT EXISTS `subject` (
  `sid` int(3) NOT NULL AUTO_INCREMENT,
  `subname` varchar(150) NOT NULL,
  `shortname` varchar(10) NOT NULL,
  `subcode` int(10) NOT NULL,
  `sem` int(2) NOT NULL,
  `dname` varchar(30) NOT NULL,
  PRIMARY KEY (`sid`)
) ENGINE=InnoDB  DEFAULT CHARSET=latin1 AUTO_INCREMENT=12 ;

--
-- Dumping data for table `subject`
--

INSERT INTO `subject` (`sid`, `subname`, `shortname`, `subcode`, `sem`, `dname`) VALUES
(2, 'ADVANCED JAVA PROGRAMMING', 'AJP', 3360701, 6, 'COMPUTER ENGINEERING'),
(3, 'MOBILE COMPUTING AND APPLICATION DEVELOPMENT', 'MCAD', 3360702, 6, 'COMPUTER ENGINEERING'),
(4, 'NETWORK MANAGEMENT AND ADMINISTRATION', 'NMA', 3360703, 6, 'COMPUTER ENGINEERING'),
(5, '.NET PROGRAMMING', '.NET', 3340701, 4, 'COMPUTER ENGINEERING'),
(6, 'ADVANCED DATABASE MANAGEMENT SYSTEM', 'ADBMS', 3340702, 4, 'COMPUTER ENGINEERING'),
(7, 'FUNDAMENTALS OF SOFTWARE DEVELOPMENT', 'FOSD', 3340703, 4, 'COMPUTER ENGINEERING'),
(8, 'COMPUTER ORGANIZATION AND  ARCHITECTURE ', 'COA', 3340704, 4, 'COMPUTER ENGINEERING'),
(9, 'COMPUTER NETWORKS', 'CN', 3340705, 4, 'COMPUTER ENGINEERING'),
(10, 'PROFESSIONAL PRACTICE WITH DATABASE', 'PPD', 3360706, 6, 'COMPUTER ENGINEERING'),
(11, 'PROJECT-II', 'PROJECT-II', 3360710, 6, 'COMPUTER ENGINEERING');

-- --------------------------------------------------------

--
-- Table structure for table `tdic`
--

CREATE TABLE IF NOT EXISTS `tdic` (
  `toid` int(3) NOT NULL AUTO_INCREMENT,
  `sem` int(2) NOT NULL,
  `year` year(4) NOT NULL,
  `date` date NOT NULL,
  `time_start` varchar(10) NOT NULL,
  `time_end` varchar(10) NOT NULL,
  `subname` varchar(10) NOT NULL,
  `subcode` int(10) NOT NULL,
  `facultyname` varchar(20) NOT NULL,
  `faculty_no` varchar(10) NOT NULL,
  `dname` varchar(20) NOT NULL,
  `topic` text NOT NULL,
  PRIMARY KEY (`toid`)
) ENGINE=InnoDB  DEFAULT CHARSET=latin1 AUTO_INCREMENT=8 ;

--
-- Dumping data for table `tdic`
--

INSERT INTO `tdic` (`toid`, `sem`, `year`, `date`, `time_start`, `time_end`, `subname`, `subcode`, `facultyname`, `faculty_no`, `dname`, `topic`) VALUES
(1, 6, 2019, '2020-03-25', '8:30', '9:30', 'AJP', 3360701, 'HARDIK PARMAR', '702', 'COMPUTER ENGINEERING', 'AWT heirarchy'),
(2, 6, 2019, '2020-03-25', '10:40', '12:40', 'AJP', 3360701, 'HARDIK PARMAR', '702', '', 'Border Layout'),
(3, 6, 2019, '2020-03-25', '8:30', '9:30', 'AJP', 3360701, 'HARDIK PARMAR', '702', 'COMPUTER ENGINEERING', 'AWT heirarchy'),
(4, 6, 2019, '2020-03-25', '9:30', '10:30', 'MCAD', 3360702, 'SHIVANI PATEL', '705', 'COMPUTER ENGINEERING', 'GSM architecture'),
(5, 6, 2019, '2020-04-21', '8:30', '9:30', 'AJP', 3360701, 'HARDIK PARMAR', '702', 'COMPUTER ENGINEERING', 'kuhub'),
(6, 6, 2019, '2020-06-08', '8:30', '9:30', 'AJP', 3360701, 'HARDIK PARMAR', '702', 'COMPUTER ENGINEERING', 'directory'),
(7, 6, 2019, '2020-06-10', '8:30', '10:30', 'AJP', 3360701, 'HARDIK PARMAR', '702', 'COMPUTER ENGINEERING', 'Listeners in JAVA');

-- --------------------------------------------------------

--
-- Table structure for table `test`
--

CREATE TABLE IF NOT EXISTS `test` (
  `id` int(10) NOT NULL AUTO_INCREMENT,
  `title` varchar(50) NOT NULL,
  `sem` varchar(50) NOT NULL,
  `dname` varchar(500) NOT NULL,
  PRIMARY KEY (`id`)
) ENGINE=InnoDB  DEFAULT CHARSET=latin1 AUTO_INCREMENT=5 ;

--
-- Dumping data for table `test`
--

INSERT INTO `test` (`id`, `title`, `sem`, `dname`) VALUES
(1, '', '', 'COMPUTER ENGINEERING,CIVIL ENGINEERING'),
(2, '', '', 'COMPUTER ENGINEERING,ELECTRICAL ENGINEERING,MECHANICAL ENGINEERING,CIVIL ENGINEERING'),
(3, '', '', 'ALL'),
(4, '', '', '81dc9bdb52d04dc20036dbd8313ed055');

-- --------------------------------------------------------

--
-- Table structure for table `time`
--

CREATE TABLE IF NOT EXISTS `time` (
  `tmid` int(10) NOT NULL AUTO_INCREMENT,
  `period` int(2) NOT NULL,
  `time_start` varchar(10) NOT NULL,
  `time_end` varchar(10) NOT NULL,
  PRIMARY KEY (`tmid`)
) ENGINE=InnoDB  DEFAULT CHARSET=latin1 AUTO_INCREMENT=7 ;

--
-- Dumping data for table `time`
--

INSERT INTO `time` (`tmid`, `period`, `time_start`, `time_end`) VALUES
(1, 1, '8:30', '9:30'),
(2, 2, '9:30', '10:30'),
(3, 3, '10:40', '11:40'),
(4, 4, '11:40', '12:40'),
(5, 5, '1:10', '2:05'),
(6, 6, '2:05', '3:00');

-- --------------------------------------------------------

--
-- Table structure for table `timetable`
--

CREATE TABLE IF NOT EXISTS `timetable` (
  `ttid` int(3) NOT NULL AUTO_INCREMENT,
  `period` int(10) NOT NULL,
  `time_start` varchar(10) NOT NULL,
  `time_end` varchar(10) NOT NULL,
  `day` varchar(10) NOT NULL,
  `dname` varchar(20) NOT NULL,
  `year` int(10) NOT NULL,
  `sem` int(2) NOT NULL,
  `subname` varchar(20) NOT NULL,
  `type` varchar(10) NOT NULL,
  `batch` varchar(10) NOT NULL,
  PRIMARY KEY (`ttid`)
) ENGINE=InnoDB  DEFAULT CHARSET=latin1 AUTO_INCREMENT=181 ;

--
-- Dumping data for table `timetable`
--

INSERT INTO `timetable` (`ttid`, `period`, `time_start`, `time_end`, `day`, `dname`, `year`, `sem`, `subname`, `type`, `batch`) VALUES
(1, 1, '8:30', '9:30', 'MONDAY', 'COMPUTER ENGINEERING', 2015, 6, 'MCAD', 'LEC', 'select'),
(2, 1, '8:30', '9:30', 'TUESDAY', 'COMPUTER ENGINEERING', 2015, 6, 'NMA', 'LEC', 'select'),
(3, 1, '8:30', '9:30', 'WEDNESDAY', 'COMPUTER ENGINEERING', 2015, 6, 'MCAD', 'LAB', 'B1'),
(4, 1, '8:30', '9:30', 'THUSDAY', 'COMPUTER ENGINEERING', 2015, 6, 'NMA', 'LAB', 'B1'),
(5, 1, '8:30', '9:30', 'FRIDAY', 'COMPUTER ENGINEERING', 2015, 6, 'AJP', 'LEC', 'select'),
(6, 1, '8:30', '9:30', 'SATDAY', 'COMPUTER ENGINEERING', 2015, 6, 'AJP', 'LEC', 'select'),
(7, 2, '9:30', '10:30', 'MONDAY', 'COMPUTER ENGINEERING', 2015, 6, 'NMA', 'LEC', 'select'),
(8, 2, '9:30', '10:30', 'TUESDAY', 'COMPUTER ENGINEERING', 2015, 6, 'MCAD', 'LEC', 'select'),
(9, 2, '9:30', '10:30', 'WEDNESDAY', 'COMPUTER ENGINEERING', 2015, 6, 'PPD', 'LAB', 'B2'),
(10, 2, '9:30', '10:30', 'THUSDAY', 'COMPUTER ENGINEERING', 2015, 6, 'MCAD', 'LAB', 'B2'),
(11, 2, '9:30', '10:30', 'FRIDAY', 'COMPUTER ENGINEERING', 2015, 6, 'MCAD', 'LEC', 'select'),
(12, 2, '9:30', '10:30', 'SATDAY', 'COMPUTER ENGINEERING', 2015, 6, 'NMA', 'LEC', 'select'),
(13, 3, '10:40', '11:40', 'MONDAY', 'COMPUTER ENGINEERING', 2015, 6, 'AJP', 'LAB', 'B1'),
(14, 3, '10:40', '11:40', 'TUESDAY', 'COMPUTER ENGINEERING', 2015, 6, 'PPD', 'LAB', 'B1'),
(15, 3, '10:40', '11:40', 'WEDNESDAY', 'COMPUTER ENGINEERING', 2015, 6, 'AJP', 'LEC', 'select'),
(16, 3, '10:40', '11:40', 'THUSDAY', 'COMPUTER ENGINEERING', 2015, 6, 'AJP', 'LAB', 'B1'),
(17, 3, '10:40', '11:40', 'FRIDAY', 'COMPUTER ENGINEERING', 2015, 6, 'PROJECT-II', 'LAB', 'B1-B2'),
(18, 3, '10:40', '11:40', 'SATDAY', 'COMPUTER ENGINEERING', 2015, 6, 'MCAD', 'LAB', 'B1'),
(19, 4, '11:40', '12:40', 'MONDAY', 'COMPUTER ENGINEERING', 2015, 6, 'PPD', 'LAB', 'B2'),
(20, 4, '11:40', '12:40', 'TUESDAY', 'COMPUTER ENGINEERING', 2015, 6, 'MCAD', 'LAB', 'B2'),
(21, 4, '11:40', '12:40', 'WEDNESDAY', 'COMPUTER ENGINEERING', 2015, 6, 'MCAD', 'LEC', 'select'),
(22, 4, '11:40', '12:40', 'THUSDAY', 'COMPUTER ENGINEERING', 2015, 6, 'NMA', 'LAB', 'B2'),
(23, 4, '11:40', '12:40', 'FRIDAY', 'COMPUTER ENGINEERING', 2015, 6, 'PROJECT-II', 'LAB', 'B1-B2'),
(24, 4, '11:40', '12:40', 'SATDAY', 'COMPUTER ENGINEERING', 2015, 6, 'NMA', 'LAB', 'B2'),
(25, 5, '1:10', '2:05', 'MONDAY', 'COMPUTER ENGINEERING', 2015, 6, 'AJP', 'LEC', 'select'),
(26, 5, '1:10', '2:05', 'TUESDAY', 'COMPUTER ENGINEERING', 2015, 6, 'AJP', 'LEC', 'select'),
(27, 5, '1:10', '2:05', 'WEDNESDAY', 'COMPUTER ENGINEERING', 2015, 6, 'PPD', 'LAB', 'B1'),
(28, 5, '1:10', '2:05', 'THUSDAY', 'COMPUTER ENGINEERING', 2015, 6, 'PROJECT-II', 'LAB', 'B1-B2'),
(29, 5, '1:10', '2:05', 'FRIDAY', 'COMPUTER ENGINEERING', 2015, 6, 'PROJECT-II', 'LAB', 'B1-B2'),
(30, 5, '1:10', '2:05', 'SATDAY', 'COMPUTER ENGINEERING', 2015, 6, 'PROJECT-II', 'LAB', 'B1-B2'),
(31, 6, '2:05', '3:00', 'MONDAY', 'COMPUTER ENGINEERING', 2015, 6, 'NMA', 'LEC', 'select'),
(32, 6, '2:05', '3:00', 'TUESDAY', 'COMPUTER ENGINEERING', 2015, 6, 'NMA', 'LEC', 'select'),
(33, 6, '2:05', '3:00', 'WEDNESDAY', 'COMPUTER ENGINEERING', 2015, 6, 'AJP', 'LAB', 'B2'),
(34, 6, '2:05', '3:00', 'THUSDAY', 'COMPUTER ENGINEERING', 2015, 6, 'PROJECT-II', 'LAB', 'B1-B2'),
(35, 6, '2:05', '3:00', 'FRIDAY', 'COMPUTER ENGINEERING', 2015, 6, 'PROJECT-II', 'LAB', 'B1-B2'),
(36, 6, '2:05', '3:00', 'SATDAY', 'COMPUTER ENGINEERING', 2015, 6, 'PROJECT-II', 'LAB', 'B1-B2'),
(37, 1, '8:30', '9:30', 'MONDAY', 'COMPUTER ENGINEERING', 2019, 6, 'AJP', 'LAB', 'B1'),
(38, 1, '8:30', '9:30', 'TUESDAY', 'COMPUTER ENGINEERING', 2019, 6, 'AJP', 'LEC', 'select'),
(39, 1, '8:30', '9:30', 'WEDNESDAY', 'COMPUTER ENGINEERING', 2019, 6, 'MCAD', 'LEC', 'select'),
(40, 1, '8:30', '9:30', 'THUSDAY', 'COMPUTER ENGINEERING', 2019, 6, 'MCAD', 'LAB', 'B1'),
(41, 1, '8:30', '9:30', 'FRIDAY', 'COMPUTER ENGINEERING', 2019, 6, 'NMA', 'LAB', 'B1'),
(42, 1, '8:30', '9:30', 'SATDAY', 'COMPUTER ENGINEERING', 2019, 6, 'NMA', 'LEC', 'select'),
(43, 2, '9:30', '10:30', 'MONDAY', 'COMPUTER ENGINEERING', 2019, 6, 'PPD', 'LAB', 'B2'),
(44, 2, '9:30', '10:30', 'TUESDAY', 'COMPUTER ENGINEERING', 2019, 6, 'MCAD', 'LEC', 'select'),
(45, 2, '9:30', '10:30', 'WEDNESDAY', 'COMPUTER ENGINEERING', 2019, 6, 'NMA', 'LEC', 'select'),
(46, 2, '9:30', '10:30', 'THUSDAY', 'COMPUTER ENGINEERING', 2019, 6, 'PPD', 'LAB', 'B2'),
(47, 2, '9:30', '10:30', 'FRIDAY', 'COMPUTER ENGINEERING', 2019, 6, 'MCAD', 'LAB', 'B2'),
(48, 2, '9:30', '10:30', 'SATDAY', 'COMPUTER ENGINEERING', 2019, 6, 'MCAD', 'LEC', 'select'),
(49, 3, '10:40', '11:40', 'MONDAY', 'COMPUTER ENGINEERING', 2019, 6, 'MCAD', 'LEC', 'B1'),
(50, 3, '10:40', '11:40', 'TUESDAY', 'COMPUTER ENGINEERING', 2019, 6, 'MCAD', 'LAB', 'B1'),
(51, 3, '10:40', '11:40', 'WEDNESDAY', 'COMPUTER ENGINEERING', 2019, 6, 'PPD', 'LAB', 'B1'),
(52, 3, '10:40', '11:40', 'THUSDAY', 'COMPUTER ENGINEERING', 2019, 6, 'AJP', 'LEC', 'select'),
(53, 3, '10:40', '11:40', 'FRIDAY', 'COMPUTER ENGINEERING', 2019, 6, 'AJP', 'LAB', 'B1'),
(54, 3, '10:40', '11:40', 'SATDAY', 'COMPUTER ENGINEERING', 2019, 6, 'PROJECT-II', 'LAB', 'B1-B2'),
(55, 4, '11:40', '12:40', 'MONDAY', 'COMPUTER ENGINEERING', 2019, 6, 'NMA', 'LEC', 'B2'),
(56, 4, '11:40', '12:40', 'TUESDAY', 'COMPUTER ENGINEERING', 2019, 6, 'NMA', 'LAB', 'B2'),
(57, 4, '11:40', '12:40', 'WEDNESDAY', 'COMPUTER ENGINEERING', 2019, 6, 'MCAD', 'LAB', 'B2'),
(58, 4, '11:40', '12:40', 'THUSDAY', 'COMPUTER ENGINEERING', 2019, 6, 'MCAD', 'LEC', 'select'),
(59, 4, '11:40', '12:40', 'FRIDAY', 'COMPUTER ENGINEERING', 2019, 6, 'NMA', 'LAB', 'B2'),
(60, 4, '11:40', '12:40', 'SATDAY', 'COMPUTER ENGINEERING', 2019, 6, 'PROJECT-II', 'LAB', 'B1-B2'),
(61, 5, '1:10', '2:05', 'MONDAY', 'COMPUTER ENGINEERING', 2019, 6, 'NMA', 'LAB', 'B1'),
(62, 5, '1:10', '2:05', 'TUESDAY', 'COMPUTER ENGINEERING', 2019, 6, 'PROJECT-II', 'LAB', 'B1-B2'),
(63, 5, '1:10', '2:05', 'WEDNESDAY', 'COMPUTER ENGINEERING', 2019, 6, 'AJP', 'LEC', 'select'),
(64, 5, '1:10', '2:05', 'THUSDAY', 'COMPUTER ENGINEERING', 2019, 6, 'PPD', 'LAB', 'B1'),
(65, 5, '1:10', '2:05', 'FRIDAY', 'COMPUTER ENGINEERING', 2019, 6, 'PROJECT-II', 'LAB', 'B1-B2'),
(66, 5, '1:10', '2:05', 'SATDAY', 'COMPUTER ENGINEERING', 2019, 6, 'PROJECT-II', 'LAB', 'B1-B2'),
(67, 6, '2:05', '3:00', 'MONDAY', 'COMPUTER ENGINEERING', 2019, 6, 'AJP', 'LAB', 'B2'),
(68, 6, '2:05', '3:00', 'TUESDAY', 'COMPUTER ENGINEERING', 2019, 6, 'PROJECT-II', 'LAB', 'B1-B2'),
(69, 6, '2:05', '3:00', 'WEDNESDAY', 'COMPUTER ENGINEERING', 2019, 6, 'NMA', 'LEC', 'select'),
(70, 6, '2:05', '3:00', 'THUSDAY', 'COMPUTER ENGINEERING', 2019, 6, 'AJP', 'LAB', 'B2'),
(71, 6, '2:05', '3:00', 'FRIDAY', 'COMPUTER ENGINEERING', 2019, 6, 'PROJECT-II', 'LAB', 'B1-B2'),
(72, 6, '2:05', '3:00', 'SATDAY', 'COMPUTER ENGINEERING', 2019, 6, 'PROJECT-II', 'LAB', 'B1-B2'),
(73, 1, '8:30', '9:30', 'MONDAY', 'COMPUTER ENGINEERING', 2019, 4, '.NET', 'LAB', 'B1'),
(74, 1, '8:30', '9:30', 'TUESDAY', 'COMPUTER ENGINEERING', 2019, 4, '', 'LEC', ''),
(75, 1, '8:30', '9:30', 'WEDNESDAY', 'COMPUTER ENGINEERING', 2019, 4, '', 'LEC', ''),
(76, 1, '8:30', '9:30', 'THUSDAY', 'COMPUTER ENGINEERING', 2019, 4, '', 'LEC', ''),
(77, 1, '8:30', '9:30', 'FRIDAY', 'COMPUTER ENGINEERING', 2019, 4, '', 'LEC', ''),
(78, 1, '8:30', '9:30', 'SATDAY', 'COMPUTER ENGINEERING', 2019, 4, '', 'LEC', ''),
(79, 2, '9:30', '10:30', 'MONDAY', 'COMPUTER ENGINEERING', 2019, 4, 'ADBMS', 'LAB', 'B2'),
(80, 2, '9:30', '10:30', 'TUESDAY', 'COMPUTER ENGINEERING', 2019, 4, '', 'LEC', ''),
(81, 2, '9:30', '10:30', 'WEDNESDAY', 'COMPUTER ENGINEERING', 2019, 4, '', 'LEC', ''),
(82, 2, '9:30', '10:30', 'THUSDAY', 'COMPUTER ENGINEERING', 2019, 4, '', 'LEC', ''),
(83, 2, '9:30', '10:30', 'FRIDAY', 'COMPUTER ENGINEERING', 2019, 4, '', 'LEC', ''),
(84, 2, '9:30', '10:30', 'SATDAY', 'COMPUTER ENGINEERING', 2019, 4, '', 'LEC', ''),
(85, 3, '10:40', '11:40', 'MONDAY', 'COMPUTER ENGINEERING', 2019, 4, 'ADBMS', 'LEC', ''),
(86, 3, '10:40', '11:40', 'TUESDAY', 'COMPUTER ENGINEERING', 2019, 4, '', 'LEC', ''),
(87, 3, '10:40', '11:40', 'WEDNESDAY', 'COMPUTER ENGINEERING', 2019, 4, '', 'LEC', ''),
(88, 3, '10:40', '11:40', 'THUSDAY', 'COMPUTER ENGINEERING', 2019, 4, '', 'LEC', ''),
(89, 3, '10:40', '11:40', 'FRIDAY', 'COMPUTER ENGINEERING', 2019, 4, '', 'LEC', ''),
(90, 3, '10:40', '11:40', 'SATDAY', 'COMPUTER ENGINEERING', 2019, 4, '', 'LEC', ''),
(91, 4, '11:40', '12:40', 'MONDAY', 'COMPUTER ENGINEERING', 2019, 4, 'COA', 'LEC', ''),
(92, 4, '11:40', '12:40', 'TUESDAY', 'COMPUTER ENGINEERING', 2019, 4, '', 'LEC', ''),
(93, 4, '11:40', '12:40', 'WEDNESDAY', 'COMPUTER ENGINEERING', 2019, 4, '', 'LEC', ''),
(94, 4, '11:40', '12:40', 'THUSDAY', 'COMPUTER ENGINEERING', 2019, 4, '', 'LEC', ''),
(95, 4, '11:40', '12:40', 'FRIDAY', 'COMPUTER ENGINEERING', 2019, 4, '', 'LEC', ''),
(96, 4, '11:40', '12:40', 'SATDAY', 'COMPUTER ENGINEERING', 2019, 4, '', 'LEC', ''),
(97, 5, '1:10', '2:05', 'MONDAY', 'COMPUTER ENGINEERING', 2019, 4, 'FOSD', 'LAB', 'B1'),
(98, 5, '1:10', '2:05', 'TUESDAY', 'COMPUTER ENGINEERING', 2019, 4, '', 'LEC', ''),
(99, 5, '1:10', '2:05', 'WEDNESDAY', 'COMPUTER ENGINEERING', 2019, 4, '', 'LEC', ''),
(100, 5, '1:10', '2:05', 'THUSDAY', 'COMPUTER ENGINEERING', 2019, 4, '', 'LEC', ''),
(101, 5, '1:10', '2:05', 'FRIDAY', 'COMPUTER ENGINEERING', 2019, 4, '', 'LEC', ''),
(102, 5, '1:10', '2:05', 'SATDAY', 'COMPUTER ENGINEERING', 2019, 4, '', 'LEC', ''),
(103, 6, '2:05', '3:00', 'MONDAY', 'COMPUTER ENGINEERING', 2019, 4, '.NET', 'LAB', 'B2'),
(104, 6, '2:05', '3:00', 'TUESDAY', 'COMPUTER ENGINEERING', 2019, 4, '', 'LEC', ''),
(105, 6, '2:05', '3:00', 'WEDNESDAY', 'COMPUTER ENGINEERING', 2019, 4, '', 'LEC', ''),
(106, 6, '2:05', '3:00', 'THUSDAY', 'COMPUTER ENGINEERING', 2019, 4, '', 'LEC', ''),
(107, 6, '2:05', '3:00', 'FRIDAY', 'COMPUTER ENGINEERING', 2019, 4, '', 'LEC', ''),
(108, 6, '2:05', '3:00', 'SATDAY', 'COMPUTER ENGINEERING', 2019, 4, '', 'LEC', ''),
(109, 1, '8:30', '9:30', 'MONDAY', 'COMPUTER ENGINEERING', 2017, 6, 'AJP', 'LEC', 'select'),
(110, 1, '8:30', '9:30', 'TUESDAY', 'COMPUTER ENGINEERING', 2017, 6, '', 'LEC', 'select'),
(111, 1, '8:30', '9:30', 'WEDNESDAY', 'COMPUTER ENGINEERING', 2017, 6, '', 'LEC', 'select'),
(112, 1, '8:30', '9:30', 'THUSDAY', 'COMPUTER ENGINEERING', 2017, 6, '', 'LEC', 'select'),
(113, 1, '8:30', '9:30', 'FRIDAY', 'COMPUTER ENGINEERING', 2017, 6, '', 'LEC', 'select'),
(114, 1, '8:30', '9:30', 'SATDAY', 'COMPUTER ENGINEERING', 2017, 6, '', 'LEC', 'select'),
(115, 2, '9:30', '10:30', 'MONDAY', 'COMPUTER ENGINEERING', 2017, 6, 'MCAD', 'LEC', 'select'),
(116, 2, '9:30', '10:30', 'TUESDAY', 'COMPUTER ENGINEERING', 2017, 6, '', 'LEC', 'select'),
(117, 2, '9:30', '10:30', 'WEDNESDAY', 'COMPUTER ENGINEERING', 2017, 6, '', 'LEC', 'select'),
(118, 2, '9:30', '10:30', 'THUSDAY', 'COMPUTER ENGINEERING', 2017, 6, '', 'LEC', 'select'),
(119, 2, '9:30', '10:30', 'FRIDAY', 'COMPUTER ENGINEERING', 2017, 6, '', 'LEC', 'select'),
(120, 2, '9:30', '10:30', 'SATDAY', 'COMPUTER ENGINEERING', 2017, 6, '', 'LEC', 'select'),
(121, 3, '10:40', '11:40', 'MONDAY', 'COMPUTER ENGINEERING', 2017, 6, 'MCAD', 'LEC', 'B1'),
(122, 3, '10:40', '11:40', 'TUESDAY', 'COMPUTER ENGINEERING', 2017, 6, '', 'LEC', 'select'),
(123, 3, '10:40', '11:40', 'WEDNESDAY', 'COMPUTER ENGINEERING', 2017, 6, '', 'LEC', 'select'),
(124, 3, '10:40', '11:40', 'THUSDAY', 'COMPUTER ENGINEERING', 2017, 6, '', 'LEC', 'select'),
(125, 3, '10:40', '11:40', 'FRIDAY', 'COMPUTER ENGINEERING', 2017, 6, '', 'LEC', 'select'),
(126, 3, '10:40', '11:40', 'SATDAY', 'COMPUTER ENGINEERING', 2017, 6, '', 'LEC', 'select'),
(127, 4, '11:40', '12:40', 'MONDAY', 'COMPUTER ENGINEERING', 2017, 6, 'NMA', 'LEC', 'B2'),
(128, 4, '11:40', '12:40', 'TUESDAY', 'COMPUTER ENGINEERING', 2017, 6, '', 'LEC', 'select'),
(129, 4, '11:40', '12:40', 'WEDNESDAY', 'COMPUTER ENGINEERING', 2017, 6, '', 'LEC', 'select'),
(130, 4, '11:40', '12:40', 'THUSDAY', 'COMPUTER ENGINEERING', 2017, 6, '', 'LEC', 'select'),
(131, 4, '11:40', '12:40', 'FRIDAY', 'COMPUTER ENGINEERING', 2017, 6, '', 'LEC', 'select'),
(132, 4, '11:40', '12:40', 'SATDAY', 'COMPUTER ENGINEERING', 2017, 6, '', 'LEC', 'select'),
(133, 5, '1:10', '2:05', 'MONDAY', 'COMPUTER ENGINEERING', 2017, 6, 'NMA', 'LAB', 'B1'),
(134, 5, '1:10', '2:05', 'TUESDAY', 'COMPUTER ENGINEERING', 2017, 6, '', 'LEC', 'select'),
(135, 5, '1:10', '2:05', 'WEDNESDAY', 'COMPUTER ENGINEERING', 2017, 6, '', 'LEC', 'select'),
(136, 5, '1:10', '2:05', 'THUSDAY', 'COMPUTER ENGINEERING', 2017, 6, '', 'LEC', 'select'),
(137, 5, '1:10', '2:05', 'FRIDAY', 'COMPUTER ENGINEERING', 2017, 6, '', 'LEC', 'select'),
(138, 5, '1:10', '2:05', 'SATDAY', 'COMPUTER ENGINEERING', 2017, 6, '', 'LEC', 'select'),
(139, 6, '2:05', '3:00', 'MONDAY', 'COMPUTER ENGINEERING', 2017, 6, 'AJP', 'LAB', 'B2'),
(140, 6, '2:05', '3:00', 'TUESDAY', 'COMPUTER ENGINEERING', 2017, 6, '', 'LEC', 'select'),
(141, 6, '2:05', '3:00', 'WEDNESDAY', 'COMPUTER ENGINEERING', 2017, 6, '', 'LEC', 'select'),
(142, 6, '2:05', '3:00', 'THUSDAY', 'COMPUTER ENGINEERING', 2017, 6, '', 'LEC', 'select'),
(143, 6, '2:05', '3:00', 'FRIDAY', 'COMPUTER ENGINEERING', 2017, 6, '', 'LEC', 'select'),
(144, 6, '2:05', '3:00', 'SATDAY', 'COMPUTER ENGINEERING', 2017, 6, '', 'LEC', 'select'),
(145, 1, '8:30', '9:30', 'MONDAY', 'COMPUTER ENGINEERING', 0, 6, 'MCAD', 'LAB', 'B2'),
(146, 1, '8:30', '9:30', 'TUESDAY', 'COMPUTER ENGINEERING', 0, 6, '', 'LEC', 'select'),
(147, 1, '8:30', '9:30', 'WEDNESDAY', 'COMPUTER ENGINEERING', 0, 6, '', 'LEC', 'select'),
(148, 1, '8:30', '9:30', 'THUSDAY', 'COMPUTER ENGINEERING', 0, 6, '', 'LEC', 'select'),
(149, 1, '8:30', '9:30', 'FRIDAY', 'COMPUTER ENGINEERING', 0, 6, '', 'LEC', 'select'),
(150, 1, '8:30', '9:30', 'SATDAY', 'COMPUTER ENGINEERING', 0, 6, '', 'LEC', 'select'),
(151, 2, '9:30', '10:30', 'MONDAY', 'COMPUTER ENGINEERING', 0, 6, 'AJP', 'LAB', 'B1'),
(152, 2, '9:30', '10:30', 'TUESDAY', 'COMPUTER ENGINEERING', 0, 6, '', 'LEC', 'select'),
(153, 2, '9:30', '10:30', 'WEDNESDAY', 'COMPUTER ENGINEERING', 0, 6, '', 'LEC', 'select'),
(154, 2, '9:30', '10:30', 'THUSDAY', 'COMPUTER ENGINEERING', 0, 6, '', 'LEC', 'select'),
(155, 2, '9:30', '10:30', 'FRIDAY', 'COMPUTER ENGINEERING', 0, 6, '', 'LEC', 'select'),
(156, 2, '9:30', '10:30', 'SATDAY', 'COMPUTER ENGINEERING', 0, 6, '', 'LEC', 'select'),
(157, 3, '10:40', '11:40', 'MONDAY', 'COMPUTER ENGINEERING', 0, 6, 'MCAD', 'LEC', 'select'),
(158, 3, '10:40', '11:40', 'TUESDAY', 'COMPUTER ENGINEERING', 0, 6, '', 'LEC', 'select'),
(159, 3, '10:40', '11:40', 'WEDNESDAY', 'COMPUTER ENGINEERING', 0, 6, '', 'LEC', 'select'),
(160, 3, '10:40', '11:40', 'THUSDAY', 'COMPUTER ENGINEERING', 0, 6, '', 'LEC', 'select'),
(161, 3, '10:40', '11:40', 'FRIDAY', 'COMPUTER ENGINEERING', 0, 6, '', 'LEC', 'select'),
(162, 3, '10:40', '11:40', 'SATDAY', 'COMPUTER ENGINEERING', 0, 6, '', 'LEC', 'select'),
(163, 4, '11:40', '12:40', 'MONDAY', 'COMPUTER ENGINEERING', 0, 6, 'PPD', 'LEC', 'select'),
(164, 4, '11:40', '12:40', 'TUESDAY', 'COMPUTER ENGINEERING', 0, 6, '', 'LEC', 'select'),
(165, 4, '11:40', '12:40', 'WEDNESDAY', 'COMPUTER ENGINEERING', 0, 6, '', 'LEC', 'select'),
(166, 4, '11:40', '12:40', 'THUSDAY', 'COMPUTER ENGINEERING', 0, 6, '', 'LEC', 'select'),
(167, 4, '11:40', '12:40', 'FRIDAY', 'COMPUTER ENGINEERING', 0, 6, '', 'LEC', 'select'),
(168, 4, '11:40', '12:40', 'SATDAY', 'COMPUTER ENGINEERING', 0, 6, '', 'LEC', 'select'),
(169, 5, '1:10', '2:05', 'MONDAY', 'COMPUTER ENGINEERING', 0, 6, 'PROJECT-II', 'LAB', 'B1-B2'),
(170, 5, '1:10', '2:05', 'TUESDAY', 'COMPUTER ENGINEERING', 0, 6, '', 'LEC', 'select'),
(171, 5, '1:10', '2:05', 'WEDNESDAY', 'COMPUTER ENGINEERING', 0, 6, '', 'LEC', 'select'),
(172, 5, '1:10', '2:05', 'THUSDAY', 'COMPUTER ENGINEERING', 0, 6, '', 'LEC', 'select'),
(173, 5, '1:10', '2:05', 'FRIDAY', 'COMPUTER ENGINEERING', 0, 6, '', 'LEC', 'select'),
(174, 5, '1:10', '2:05', 'SATDAY', 'COMPUTER ENGINEERING', 0, 6, '', 'LEC', 'select'),
(175, 6, '2:05', '3:00', 'MONDAY', 'COMPUTER ENGINEERING', 0, 6, 'PROJECT-II', 'LAB', 'B1-B2'),
(176, 6, '2:05', '3:00', 'TUESDAY', 'COMPUTER ENGINEERING', 0, 6, '', 'LEC', 'select'),
(177, 6, '2:05', '3:00', 'WEDNESDAY', 'COMPUTER ENGINEERING', 0, 6, '', 'LEC', 'select'),
(178, 6, '2:05', '3:00', 'THUSDAY', 'COMPUTER ENGINEERING', 0, 6, '', 'LEC', 'select'),
(179, 6, '2:05', '3:00', 'FRIDAY', 'COMPUTER ENGINEERING', 0, 6, '', 'LEC', 'select'),
(180, 6, '2:05', '3:00', 'SATDAY', 'COMPUTER ENGINEERING', 0, 6, '', 'LEC', 'select');

-- --------------------------------------------------------

--
-- Table structure for table `tt_rec`
--

CREATE TABLE IF NOT EXISTS `tt_rec` (
  `ttrid` int(10) NOT NULL AUTO_INCREMENT,
  `sem` int(2) NOT NULL,
  `year` int(10) NOT NULL,
  `dname` varchar(20) NOT NULL,
  PRIMARY KEY (`ttrid`)
) ENGINE=InnoDB DEFAULT CHARSET=latin1 AUTO_INCREMENT=1 ;

--
-- Dumping data for table `tt_rec`
--


-- --------------------------------------------------------

--
-- Table structure for table `year`
--

CREATE TABLE IF NOT EXISTS `year` (
  `yid` int(10) NOT NULL AUTO_INCREMENT,
  `year` int(10) NOT NULL,
  PRIMARY KEY (`yid`)
) ENGINE=InnoDB  DEFAULT CHARSET=latin1 AUTO_INCREMENT=11 ;

--
-- Dumping data for table `year`
--

INSERT INTO `year` (`yid`, `year`) VALUES
(1, 2015),
(2, 2016),
(3, 2017),
(4, 2018),
(5, 2019),
(6, 2020),
(7, 2021),
(8, 2022),
(9, 2023),
(10, 2024);
